AFR Frequency_x,AFR Frequency_x,AFR Frequency_y,ALT Allele_x,ALT Allele_x,ALT Allele_y,AMR Frequency_x,AMR Frequency_x,AMR Frequency_y,Alpha,Beta,Chromosome_x,Chromosome_x.1,Chromosome_x.1.1,Chromosome_y,Chromosome_y.1,Chromosome_y.1.1,EAS Frequency_x,EAS Frequency_x,EAS Frequency_y,EUR Frequency_x,EUR Frequency_x,EUR Frequency_y,Minor Allele_x,Minor Allele_x,Minor Allele_y,PHRED_x,PHRED_x,PHRED_y,Position_x,Position_x.1,Position_x.1.1,Position_y,Position_y.1,Position_y.1.1,REF Allele_x,REF Allele_x,REF Allele_y,Raw Score_x,Raw Score_x,Raw Score_y,SAS Frequency_x,SAS Frequency_x,SAS Frequency_y,Variant_x,Variant_x,Variant_y,dbSNP_x,dbSNP_x,dbSNP_y,id,name,order,reason to exist,count,Chromosome_x,Position_x,dbSNP_y,REF Allele_y,ALT Allele_y,Minor Allele_y,AFR Frequency_y,AMR Frequency_y,EAS Frequency_y,EUR Frequency_y,SAS Frequency_y,Chromosome_y,Position_y,Variant_y,Raw Score_y,PHRED_y
None,None,None,None,None,None,None,None,None,0.061342,0,None,None,None,None,None,None,None,None,None,None,None,None,None,None,None,None,None,None,None,None,None,None,None,None,None,None,None,None,None,None,None,None,None,None,None,None,None,None,None,rs9272346,rs9272346,1,Important,14,chr6,32604372.0,rs9272346,G,A,A,0.467500,0.678700,0.507900,0.548700,0.488800,chr6,32604372,G/A,0.067834,3.728
None,None,None,None,None,None,None,None,None,0.0595,0,None,None,None,None,None,None,None,None,None,None,None,None,None,None,None,None,None,None,None,None,None,None,None,None,None,None,None,None,None,None,None,None,None,None,None,None,None,None,None,rs9272723,rs9272723,1,Important,15,None,None,None,None,None,None,None,None,None,None,None,chr6,32609427,T/C,0.810265,11.94
None,None,None,None,None,None,None,None,None,0.045544,0,None,None,None,None,None,None,None,None,None,None,None,None,None,None,None,None,None,None,None,None,None,None,None,None,None,None,None,None,None,None,None,None,None,None,None,None,None,None,None,rs3129768,rs3129768,1,Important,20,chr6,32595083.0,rs3129768,G,T,T,0.663400,0.817000,0.660700,0.785300,0.665600,chr6,32595083,G/T,0.151085,5.093999999999999
None,None,None,None,None,None,None,None,None,0.012042,0,None,None,None,None,None,None,None,None,None,None,None,None,None,None,None,None,None,None,None,None,None,None,None,None,None,None,None,None,None,None,None,None,None,None,None,None,None,None,None,rs6679677,rs6679677,1,Important,11,chr1,114303808.0,rs6679677,C,A,A,0.002300,0.030300,None,0.091500,0.013300,chr1,114303808,C/A,-0.07499,1.651
None,None,None,None,None,None,None,None,None,0.011459,0,None,None,None,None,None,None,None,None,None,None,None,None,None,None,None,None,None,None,None,None,None,None,None,None,None,None,None,None,None,None,None,None,None,None,None,None,None,None,None,rs17116117,rs17116117,1,Important,122,chr11,113801591.0,rs17116117,A,G,G,0.072600,0.066300,None,0.040800,0.044000,chr11,113801591,A/G,0.026585,3.0410000000000004
None,None,None,None,None,None,None,None,None,0.01135,0,None,None,None,None,None,None,None,None,None,None,None,None,None,None,None,None,None,None,None,None,None,None,None,None,None,None,None,None,None,None,None,None,None,None,None,None,None,None,None,rs9271850,rs9271850,1,Important,18,chr6,32595060.0,rs9271850,A,G,G,0.295800,0.252200,0.190500,0.270400,0.175900,chr6,32595060,A/G,0.253602,6.601
None,None,None,None,None,None,None,None,None,0.007995,0,None,None,None,None,None,None,None,None,None,None,None,None,None,None,None,None,None,None,None,None,None,None,None,None,None,None,None,None,None,None,None,None,None,None,None,None,None,None,None,rs1230666,rs1230666,1,Important,3,chr1,114173410.0,rs1230666,A,G,G,0.996200,0.946700,1.000000,0.860800,0.980600,chr1,114173410,A/G,0.011497,2.8
None,None,None,None,None,None,None,None,None,0.0072689999999999986,0,None,None,None,None,None,None,None,None,None,None,None,None,None,None,None,None,None,None,None,None,None,None,None,None,None,None,None,None,None,None,None,None,None,None,None,None,None,None,None,rs17696736,rs17696736,1,Important,10,chr12,112486818.0,rs17696736,A,G,G,0.017400,0.226200,0.003000,0.429400,0.066500,chr12,112486818,A/G,0.628929,10.51
None,None,None,None,None,None,None,None,None,0.00692,0,None,None,None,None,None,None,None,None,None,None,None,None,None,None,None,None,None,None,None,None,None,None,None,None,None,None,None,None,None,None,None,None,None,None,None,None,None,None,None,rs200481,rs200481,1,Important,1,chr6,27773832.0,rs200481,T,A,A,0.224700,0.145500,0.066500,0.087500,0.098200,chr6,27773832,T/A,-0.09156,1.4809999999999999
None,None,None,None,None,None,None,None,None,0.006779,0,None,None,None,None,None,None,None,None,None,None,None,None,None,None,None,None,None,None,None,None,None,None,None,None,None,None,None,None,None,None,None,None,None,None,None,None,None,None,None,rs201002,rs201002,1,Important,None,chr6,27808192.0,rs201002,A,G,G,0.204200,0.139800,0.065500,0.088500,0.098200,chr6,27808192,A/G,0.8474290000000001,12.22
None,None,None,None,None,None,None,None,None,0.00674,0,None,None,None,None,None,None,None,None,None,None,None,None,None,None,None,None,None,None,None,None,None,None,None,None,None,None,None,None,None,None,None,None,None,None,None,None,None,None,None,rs203884,rs203884,1,Important,1,chr6,28077374.0,rs203884,C,A,A,0.410700,0.331400,0.302600,0.251500,0.312900,chr6,28077374,C/A,0.058732000000000006,3.575
None,None,None,None,None,None,None,None,None,0.0066430000000000005,0,None,None,None,None,None,None,None,None,None,None,None,None,None,None,None,None,None,None,None,None,None,None,None,None,None,None,None,None,None,None,None,None,None,None,None,None,None,None,None,rs200995,rs200995,1,Important,None,chr6,27813694.0,rs200995,T,C,C,0.194400,0.138300,0.066500,0.087500,0.076700,chr6,27813694,T/C,-0.069663,1.709
None,None,None,None,None,None,None,None,None,0.006412999999999999,0,None,None,None,None,None,None,None,None,None,None,None,None,None,None,None,None,None,None,None,None,None,None,None,None,None,None,None,None,None,None,None,None,None,None,None,None,None,None,None,rs1233708,rs1233708,1,Important,None,chr6,28173219.0,rs1233708,G,A,A,0.518900,0.340100,0.314500,0.268400,0.282200,chr6,28173219,G/A,0.064036,3.6639999999999997
None,None,None,None,None,None,None,None,None,0.006388,0,None,None,None,None,None,None,None,None,None,None,None,None,None,None,None,None,None,None,None,None,None,None,None,None,None,None,None,None,None,None,None,None,None,None,None,None,None,None,None,rs2488457,rs2488457,1,Important,1,chr1,114415368.0,rs2488457,G,C,C,0.987900,0.671500,0.395800,0.768400,0.814900,chr1,114415368,G/A,0.354993,7.888
None,None,None,None,None,None,None,None,None,0.006388,0,None,None,None,None,None,None,None,None,None,None,None,None,None,None,None,None,None,None,None,None,None,None,None,None,None,None,None,None,None,None,None,None,None,None,None,None,None,None,None,rs2488457,rs2488457,1,Important,1,chr1,114415368.0,rs2488457,G,C,C,0.987900,0.671500,0.395800,0.768400,0.814900,chr1,114415368,G/C,0.298141,7.189
None,None,None,None,None,None,None,None,None,0.006268999999999999,0,None,None,None,None,None,None,None,None,None,None,None,None,None,None,None,None,None,None,None,None,None,None,None,None,None,None,None,None,None,None,None,None,None,None,None,None,None,None,None,rs202906,rs202906,1,Important,None,chr6,28011652.0,rs202906,T,C,C,0.171700,0.162800,0.117100,0.097400,0.087900,chr6,28011652,T/C,0.49727200000000005,9.357999999999999
None,None,None,None,None,None,None,None,None,0.0062640000000000005,0,None,None,None,None,None,None,None,None,None,None,None,None,None,None,None,None,None,None,None,None,None,None,None,None,None,None,None,None,None,None,None,None,None,None,None,None,None,None,None,rs7763910,rs7763910,1,Important,4,chr6,26472655.0,rs7763910,A,G,G,0.117200,0.672900,0.723200,0.562600,0.738200,chr6,26472655,A/G,0.324223,7.522
None,None,None,None,None,None,None,None,None,0.006205,0,None,None,None,None,None,None,None,None,None,None,None,None,None,None,None,None,None,None,None,None,None,None,None,None,None,None,None,None,None,None,None,None,None,None,None,None,None,None,None,rs9467704,rs9467704,1,Important,None,chr6,26319486.0,rs9467704,C,T,T,0.571100,0.109500,0.021800,0.090500,0.017400,chr6,26319486,C/T,0.43484399999999995,8.752
None,None,None,None,None,None,None,None,None,0.00613,0,None,None,None,None,None,None,None,None,None,None,None,None,None,None,None,None,None,None,None,None,None,None,None,None,None,None,None,None,None,None,None,None,None,None,None,None,None,None,None,rs1525791,rs1525791,1,Important,3,chr7,39156558.0,rs1525791,C,T,T,0.136900,0.112400,0.165700,0.135200,0.040900,chr7,39156558,C/T,-0.493418,0.092
None,None,None,None,None,None,None,None,None,0.00607,0,None,None,None,None,None,None,None,None,None,None,None,None,None,None,None,None,None,None,None,None,None,None,None,None,None,None,None,None,None,None,None,None,None,None,None,None,None,None,None,rs200991,rs200991,1,Important,None,chr6,27815494.0,rs200991,C,A,A,0.401700,0.220500,0.138900,0.146100,0.196300,chr6,27815494,C/A,0.07142899999999999,3.7880000000000003
None,None,None,None,None,None,None,None,None,0.0056240000000000005,0,None,None,None,None,None,None,None,None,None,None,None,None,None,None,None,None,None,None,None,None,None,None,None,None,None,None,None,None,None,None,None,None,None,None,None,None,None,None,None,rs12190473,rs12190473,1,Important,None,chr6,27024687.0,rs12190473,C,T,T,0.202000,0.102300,0.052600,0.210700,0.037800,chr6,27024687,C/T,-0.18838,0.773
None,None,None,None,None,None,None,None,None,0.005593,0,None,None,None,None,None,None,None,None,None,None,None,None,None,None,None,None,None,None,None,None,None,None,None,None,None,None,None,None,None,None,None,None,None,None,None,None,None,None,None,rs11171739,rs11171739,1,Important,None,chr12,56470625.0,rs11171739,C,T,T,0.164100,0.684400,0.778800,0.585500,0.731100,chr12,56470625,C/T,-0.000603,2.614
None,None,None,None,None,None,None,None,None,0.005567,0,None,None,None,None,None,None,None,None,None,None,None,None,None,None,None,None,None,None,None,None,None,None,None,None,None,None,None,None,None,None,None,None,None,None,None,None,None,None,None,rs10483456,rs10483456,1,Important,2,chr14,36036167.0,rs10483456,C,T,T,0.139900,0.069200,0.335300,0.040800,0.120700,chr14,36036167,C/T,0.255944,6.632000000000001
None,None,None,None,None,None,None,None,None,0.005453,0,None,None,None,None,None,None,None,None,None,None,None,None,None,None,None,None,None,None,None,None,None,None,None,None,None,None,None,None,None,None,None,None,None,None,None,None,None,None,None,rs149946,rs149946,1,Important,None,chr6,27970031.0,rs149946,G,T,T,0.410700,0.281000,0.199400,0.197800,0.171800,chr6,27970031,G/T,0.23882899999999999,6.398
None,None,None,None,None,None,None,None,None,0.005449,0,None,None,None,None,None,None,None,None,None,None,None,None,None,None,None,None,None,None,None,None,None,None,None,None,None,None,None,None,None,None,None,None,None,None,None,None,None,None,None,rs203888,rs203888,1,Important,None,chr6,28021589.0,rs203888,G,A,A,0.388000,0.273800,0.202400,0.200800,0.173800,chr6,28021589,G/A,1.486509,15.75
None,None,None,None,None,None,None,None,None,0.005367,0,None,None,None,None,None,None,None,None,None,None,None,None,None,None,None,None,None,None,None,None,None,None,None,None,None,None,None,None,None,None,None,None,None,None,None,None,None,None,None,rs11756275,rs11756275,1,Important,2,chr6,27007113.0,rs11756275,G,T,T,0.172500,0.619600,0.689500,0.562600,0.635000,chr6,27007113,G/T,-0.293054,0.382
None,None,None,None,None,None,None,None,None,0.00535,0,None,None,None,None,None,None,None,None,None,None,None,None,None,None,None,None,None,None,None,None,None,None,None,None,None,None,None,None,None,None,None,None,None,None,None,None,None,None,None,rs149969,rs149969,1,Important,None,chr6,27977737.0,rs149969,T,C,C,0.410700,0.281000,0.200400,0.197800,0.170800,chr6,27977737,T/C,0.005944,2.714
None,None,None,None,None,None,None,None,None,0.005278,0,None,None,None,None,None,None,None,None,None,None,None,None,None,None,None,None,None,None,None,None,None,None,None,None,None,None,None,None,None,None,None,None,None,None,None,None,None,None,None,rs7451149,rs7451149,1,Important,1,chr6,27057518.0,rs7451149,T,C,C,0.826000,0.377500,0.304600,0.438400,0.380400,chr6,27057518,T/C,-0.032731,2.157
None,None,None,None,None,None,None,None,None,0.005229999999999999,0,None,None,None,None,None,None,None,None,None,None,None,None,None,None,None,None,None,None,None,None,None,None,None,None,None,None,None,None,None,None,None,None,None,None,None,None,None,None,None,rs2523691,rs2523691,1,Important,None,chr6,31420687.0,rs2523691,G,A,A,0.233700,0.116700,0.009900,0.096400,0.073600,chr6,31420687,G/A,-0.060427,1.8130000000000002
None,None,None,None,None,None,None,None,None,0.005212,0,None,None,None,None,None,None,None,None,None,None,None,None,None,None,None,None,None,None,None,None,None,None,None,None,None,None,None,None,None,None,None,None,None,None,None,None,None,None,None,rs10484399,rs10484399,1,Important,None,chr6,27534528.0,rs10484399,A,G,G,0.005300,0.038900,None,0.069600,None,chr6,27534528,A/G,0.087673,4.061
None,None,None,None,None,None,None,None,None,0.005205,0,None,None,None,None,None,None,None,None,None,None,None,None,None,None,None,None,None,None,None,None,None,None,None,None,None,None,None,None,None,None,None,None,None,None,None,None,None,None,None,rs3790857,rs3790857,1,Important,5,chr1,64111866.0,rs3790857,C,T,T,0.096100,0.391900,0.207300,0.224700,0.164600,chr1,64111866,C/T,-0.005697,2.537
None,None,None,None,None,None,None,None,None,0.005169,0,None,None,None,None,None,None,None,None,None,None,None,None,None,None,None,None,None,None,None,None,None,None,None,None,None,None,None,None,None,None,None,None,None,None,None,None,None,None,None,rs10456045,rs10456045,1,Important,1,chr6,26404958.0,rs10456045,G,A,A,0.127800,0.183000,0.193500,0.317100,0.210600,chr6,26404958,G/A,-0.080433,1.5930000000000002
None,None,None,None,None,None,None,None,None,0.005151,0,None,None,None,None,None,None,None,None,None,None,None,None,None,None,None,None,None,None,None,None,None,None,None,None,None,None,None,None,None,None,None,None,None,None,None,None,None,None,None,rs203887,rs203887,1,Important,None,chr6,28021269.0,rs203887,C,A,T,0.000800,None,0.001000,0.001000,0.021500,chr6,28021269,C/A,0.5767939999999999,10.08
None,None,None,None,None,None,None,None,None,0.005151,0,None,None,None,None,None,None,None,None,None,None,None,None,None,None,None,None,None,None,None,None,None,None,None,None,None,None,None,None,None,None,None,None,None,None,None,None,None,None,None,rs203887,rs203887,1,Important,None,chr6,28021269.0,rs203887,C,A,T,0.000800,None,0.001000,0.001000,0.021500,chr6,28021269,C/T,0.623343,10.47
None,None,None,None,None,None,None,None,None,0.005151,0,None,None,None,None,None,None,None,None,None,None,None,None,None,None,None,None,None,None,None,None,None,None,None,None,None,None,None,None,None,None,None,None,None,None,None,None,None,None,None,rs203887,rs203887,1,Important,None,chr6,28021269.0,rs203887,C,T,T,0.387300,0.275200,0.202400,0.199800,0.174800,chr6,28021269,C/A,0.5767939999999999,10.08
None,None,None,None,None,None,None,None,None,0.005151,0,None,None,None,None,None,None,None,None,None,None,None,None,None,None,None,None,None,None,None,None,None,None,None,None,None,None,None,None,None,None,None,None,None,None,None,None,None,None,None,rs203887,rs203887,1,Important,None,chr6,28021269.0,rs203887,C,T,T,0.387300,0.275200,0.202400,0.199800,0.174800,chr6,28021269,C/T,0.623343,10.47
None,None,None,None,None,None,None,None,None,0.00515,0,None,None,None,None,None,None,None,None,None,None,None,None,None,None,None,None,None,None,None,None,None,None,None,None,None,None,None,None,None,None,None,None,None,None,None,None,None,None,None,rs1217396,rs1217396,1,Important,None,chr1,114338236.0,rs1217396,C,A,A,None,None,None,None,None,chr1,114338236,C/A,0.116566,4.541
None,None,None,None,None,None,None,None,None,0.00515,0,None,None,None,None,None,None,None,None,None,None,None,None,None,None,None,None,None,None,None,None,None,None,None,None,None,None,None,None,None,None,None,None,None,None,None,None,None,None,None,rs1217396,rs1217396,1,Important,None,chr1,114338236.0,rs1217396,C,A,A,None,None,None,None,None,chr1,114338236,C/T,0.163114,5.282
None,None,None,None,None,None,None,None,None,0.00515,0,None,None,None,None,None,None,None,None,None,None,None,None,None,None,None,None,None,None,None,None,None,None,None,None,None,None,None,None,None,None,None,None,None,None,None,None,None,None,None,rs1217396,rs1217396,1,Important,None,chr1,114338236.0,rs1217396,C,T,T,0.916000,0.574900,0.395800,0.740600,0.774000,chr1,114338236,C/A,0.116566,4.541
None,None,None,None,None,None,None,None,None,0.00515,0,None,None,None,None,None,None,None,None,None,None,None,None,None,None,None,None,None,None,None,None,None,None,None,None,None,None,None,None,None,None,None,None,None,None,None,None,None,None,None,rs1217396,rs1217396,1,Important,None,chr1,114338236.0,rs1217396,C,T,T,0.916000,0.574900,0.395800,0.740600,0.774000,chr1,114338236,C/T,0.163114,5.282
None,None,None,None,None,None,None,None,None,0.005028,0,None,None,None,None,None,None,None,None,None,None,None,None,None,None,None,None,None,None,None,None,None,None,None,None,None,None,None,None,None,None,None,None,None,None,None,None,None,None,None,rs2292239,rs2292239,1,Important,None,chr12,56482180.0,rs2292239,T,G,G,0.572600,0.756500,0.779800,0.667000,0.782200,chr12,56482180,T/G,-0.18983699999999998,0.765
None,None,None,None,None,None,None,None,None,0.005013,0,None,None,None,None,None,None,None,None,None,None,None,None,None,None,None,None,None,None,None,None,None,None,None,None,None,None,None,None,None,None,None,None,None,None,None,None,None,None,None,rs6894569,rs6894569,1,Important,None,chr5,71368999.0,rs6894569,A,G,G,0.215600,0.125400,0.210300,0.023900,0.063400,chr5,71368999,A/G,0.151542,5.102
None,None,None,None,None,None,None,None,None,0.005009,0,None,None,None,None,None,None,None,None,None,None,None,None,None,None,None,None,None,None,None,None,None,None,None,None,None,None,None,None,None,None,None,None,None,None,None,None,None,None,None,rs1230649,rs1230649,1,Important,None,chr1,114244177.0,rs1230649,G,T,T,0.928900,0.577800,0.395800,0.740600,0.773000,chr1,114244177,G/T,0.268392,6.797999999999999
None,None,None,None,None,None,None,None,None,0.004988,0,None,None,None,None,None,None,None,None,None,None,None,None,None,None,None,None,None,None,None,None,None,None,None,None,None,None,None,None,None,None,None,None,None,None,None,None,None,None,None,rs1230658,rs1230658,1,Important,None,chr1,114218451.0,rs1230658,C,G,G,0.918300,0.576400,0.362100,0.740600,0.774000,chr1,114218451,C/G,-0.093294,1.464
None,None,None,None,None,None,None,None,None,0.004988,0,None,None,None,None,None,None,None,None,None,None,None,None,None,None,None,None,None,None,None,None,None,None,None,None,None,None,None,None,None,None,None,None,None,None,None,None,None,None,None,rs1230658,rs1230658,1,Important,None,chr1,114218451.0,rs1230658,C,G,G,0.918300,0.576400,0.362100,0.740600,0.774000,chr1,114218451,C/T,-0.037452,2.095
None,None,None,None,None,None,None,None,None,0.004988,0,None,None,None,None,None,None,None,None,None,None,None,None,None,None,None,None,None,None,None,None,None,None,None,None,None,None,None,None,None,None,None,None,None,None,None,None,None,None,None,rs1230658,rs1230658,1,Important,None,chr1,114218451.0,rs1230658,C,T,T,None,None,None,None,None,chr1,114218451,C/G,-0.093294,1.464
None,None,None,None,None,None,None,None,None,0.004988,0,None,None,None,None,None,None,None,None,None,None,None,None,None,None,None,None,None,None,None,None,None,None,None,None,None,None,None,None,None,None,None,None,None,None,None,None,None,None,None,rs1230658,rs1230658,1,Important,None,chr1,114218451.0,rs1230658,C,T,T,None,None,None,None,None,chr1,114218451,C/T,-0.037452,2.095
None,None,None,None,None,None,None,None,None,0.004982,0,None,None,None,None,None,None,None,None,None,None,None,None,None,None,None,None,None,None,None,None,None,None,None,None,None,None,None,None,None,None,None,None,None,None,None,None,None,None,None,rs1217200,rs1217200,1,Important,None,chr1,114161116.0,rs1217200,C,A,A,0.832800,0.572000,0.362100,0.741600,0.773000,chr1,114161116,C/A,0.171794,5.416
None,None,None,None,None,None,None,None,None,0.004982,0,None,None,None,None,None,None,None,None,None,None,None,None,None,None,None,None,None,None,None,None,None,None,None,None,None,None,None,None,None,None,None,None,None,None,None,None,None,None,None,rs1217200,rs1217200,1,Important,None,chr1,114161116.0,rs1217200,C,A,A,0.832800,0.572000,0.362100,0.741600,0.773000,chr1,114161116,C/G,0.162501,5.272
None,None,None,None,None,None,None,None,None,0.004982,0,None,None,None,None,None,None,None,None,None,None,None,None,None,None,None,None,None,None,None,None,None,None,None,None,None,None,None,None,None,None,None,None,None,None,None,None,None,None,None,rs1217200,rs1217200,1,Important,None,chr1,114161116.0,rs1217200,C,A,A,0.832800,0.572000,0.362100,0.741600,0.773000,chr1,114161116,C/T,0.218342,6.108
None,None,None,None,None,None,None,None,None,0.004982,0,None,None,None,None,None,None,None,None,None,None,None,None,None,None,None,None,None,None,None,None,None,None,None,None,None,None,None,None,None,None,None,None,None,None,None,None,None,None,None,rs1217200,rs1217200,1,Important,None,chr1,114161116.0,rs1217200,C,G,G,None,None,None,None,None,chr1,114161116,C/A,0.171794,5.416
None,None,None,None,None,None,None,None,None,0.004982,0,None,None,None,None,None,None,None,None,None,None,None,None,None,None,None,None,None,None,None,None,None,None,None,None,None,None,None,None,None,None,None,None,None,None,None,None,None,None,None,rs1217200,rs1217200,1,Important,None,chr1,114161116.0,rs1217200,C,G,G,None,None,None,None,None,chr1,114161116,C/G,0.162501,5.272
None,None,None,None,None,None,None,None,None,0.004982,0,None,None,None,None,None,None,None,None,None,None,None,None,None,None,None,None,None,None,None,None,None,None,None,None,None,None,None,None,None,None,None,None,None,None,None,None,None,None,None,rs1217200,rs1217200,1,Important,None,chr1,114161116.0,rs1217200,C,G,G,None,None,None,None,None,chr1,114161116,C/T,0.218342,6.108
None,None,None,None,None,None,None,None,None,0.004982,0,None,None,None,None,None,None,None,None,None,None,None,None,None,None,None,None,None,None,None,None,None,None,None,None,None,None,None,None,None,None,None,None,None,None,None,None,None,None,None,rs1217200,rs1217200,1,Important,None,chr1,114161116.0,rs1217200,C,T,T,None,None,None,None,None,chr1,114161116,C/A,0.171794,5.416
None,None,None,None,None,None,None,None,None,0.004982,0,None,None,None,None,None,None,None,None,None,None,None,None,None,None,None,None,None,None,None,None,None,None,None,None,None,None,None,None,None,None,None,None,None,None,None,None,None,None,None,rs1217200,rs1217200,1,Important,None,chr1,114161116.0,rs1217200,C,T,T,None,None,None,None,None,chr1,114161116,C/G,0.162501,5.272
None,None,None,None,None,None,None,None,None,0.004982,0,None,None,None,None,None,None,None,None,None,None,None,None,None,None,None,None,None,None,None,None,None,None,None,None,None,None,None,None,None,None,None,None,None,None,None,None,None,None,None,rs1217200,rs1217200,1,Important,None,chr1,114161116.0,rs1217200,C,T,T,None,None,None,None,None,chr1,114161116,C/T,0.218342,6.108
None,None,None,None,None,None,None,None,None,0.004926,0,None,None,None,None,None,None,None,None,None,None,None,None,None,None,None,None,None,None,None,None,None,None,None,None,None,None,None,None,None,None,None,None,None,None,None,None,None,None,None,rs149970,rs149970,1,Important,2,chr6,27980220.0,rs149970,G,A,A,0.422100,0.291100,0.207300,0.213700,0.241300,chr6,27980220,G/A,0.138506,4.896
None,None,None,None,None,None,None,None,None,0.004922999999999999,0,None,None,None,None,None,None,None,None,None,None,None,None,None,None,None,None,None,None,None,None,None,None,None,None,None,None,None,None,None,None,None,None,None,None,None,None,None,None,None,rs4358615,rs4358615,1,Important,None,chr6,26998567.0,rs4358615,A,G,G,0.349500,0.703200,0.740100,0.673000,0.647200,chr6,26998567,A/G,0.161298,5.254
None,None,None,None,None,None,None,None,None,0.004884,0,None,None,None,None,None,None,None,None,None,None,None,None,None,None,None,None,None,None,None,None,None,None,None,None,None,None,None,None,None,None,None,None,None,None,None,None,None,None,None,rs17720293,rs17720293,1,Important,None,chr6,28214698.0,rs17720293,C,T,T,0.036300,0.043200,0.010900,0.086500,0.009200,chr6,28214698,C/T,0.629212,10.52
None,None,None,None,None,None,None,None,None,0.004708,0,None,None,None,None,None,None,None,None,None,None,None,None,None,None,None,None,None,None,None,None,None,None,None,None,None,None,None,None,None,None,None,None,None,None,None,None,None,None,None,rs4713062,rs4713062,1,Important,2,chr6,26948195.0,rs4713062,C,A,A,None,None,None,None,None,chr6,26948195,C/A,-0.328683,0.299
None,None,None,None,None,None,None,None,None,0.004708,0,None,None,None,None,None,None,None,None,None,None,None,None,None,None,None,None,None,None,None,None,None,None,None,None,None,None,None,None,None,None,None,None,None,None,None,None,None,None,None,rs4713062,rs4713062,1,Important,2,chr6,26948195.0,rs4713062,C,A,A,None,None,None,None,None,chr6,26948195,C/G,-0.337975,0.28
None,None,None,None,None,None,None,None,None,0.004708,0,None,None,None,None,None,None,None,None,None,None,None,None,None,None,None,None,None,None,None,None,None,None,None,None,None,None,None,None,None,None,None,None,None,None,None,None,None,None,None,rs4713062,rs4713062,1,Important,2,chr6,26948195.0,rs4713062,C,A,A,None,None,None,None,None,chr6,26948195,C/T,-0.282134,0.41200000000000003
None,None,None,None,None,None,None,None,None,0.004708,0,None,None,None,None,None,None,None,None,None,None,None,None,None,None,None,None,None,None,None,None,None,None,None,None,None,None,None,None,None,None,None,None,None,None,None,None,None,None,None,rs4713062,rs4713062,1,Important,2,chr6,26948195.0,rs4713062,C,G,G,None,None,None,None,None,chr6,26948195,C/A,-0.328683,0.299
None,None,None,None,None,None,None,None,None,0.004708,0,None,None,None,None,None,None,None,None,None,None,None,None,None,None,None,None,None,None,None,None,None,None,None,None,None,None,None,None,None,None,None,None,None,None,None,None,None,None,None,rs4713062,rs4713062,1,Important,2,chr6,26948195.0,rs4713062,C,G,G,None,None,None,None,None,chr6,26948195,C/G,-0.337975,0.28
None,None,None,None,None,None,None,None,None,0.004708,0,None,None,None,None,None,None,None,None,None,None,None,None,None,None,None,None,None,None,None,None,None,None,None,None,None,None,None,None,None,None,None,None,None,None,None,None,None,None,None,rs4713062,rs4713062,1,Important,2,chr6,26948195.0,rs4713062,C,G,G,None,None,None,None,None,chr6,26948195,C/T,-0.282134,0.41200000000000003
None,None,None,None,None,None,None,None,None,0.004708,0,None,None,None,None,None,None,None,None,None,None,None,None,None,None,None,None,None,None,None,None,None,None,None,None,None,None,None,None,None,None,None,None,None,None,None,None,None,None,None,rs4713062,rs4713062,1,Important,2,chr6,26948195.0,rs4713062,C,T,T,0.316900,0.693100,0.742100,0.671000,0.646200,chr6,26948195,C/A,-0.328683,0.299
None,None,None,None,None,None,None,None,None,0.004708,0,None,None,None,None,None,None,None,None,None,None,None,None,None,None,None,None,None,None,None,None,None,None,None,None,None,None,None,None,None,None,None,None,None,None,None,None,None,None,None,rs4713062,rs4713062,1,Important,2,chr6,26948195.0,rs4713062,C,T,T,0.316900,0.693100,0.742100,0.671000,0.646200,chr6,26948195,C/G,-0.337975,0.28
None,None,None,None,None,None,None,None,None,0.004708,0,None,None,None,None,None,None,None,None,None,None,None,None,None,None,None,None,None,None,None,None,None,None,None,None,None,None,None,None,None,None,None,None,None,None,None,None,None,None,None,rs4713062,rs4713062,1,Important,2,chr6,26948195.0,rs4713062,C,T,T,0.316900,0.693100,0.742100,0.671000,0.646200,chr6,26948195,C/T,-0.282134,0.41200000000000003
None,None,None,None,None,None,None,None,None,0.004576,0,None,None,None,None,None,None,None,None,None,None,None,None,None,None,None,None,None,None,None,None,None,None,None,None,None,None,None,None,None,None,None,None,None,None,None,None,None,None,None,rs9405484,rs9405484,1,Important,None,chr6,1498457.0,rs9405484,G,T,T,0.100600,0.183000,0.608100,0.190900,0.372200,chr6,1498457,G/T,-0.03215,2.164
None,None,None,None,None,None,None,None,None,0.004567,0,None,None,None,None,None,None,None,None,None,None,None,None,None,None,None,None,None,None,None,None,None,None,None,None,None,None,None,None,None,None,None,None,None,None,None,None,None,None,None,rs4456089,rs4456089,1,Important,None,chr1,114084544.0,rs4456089,C,T,T,0.067300,0.409200,0.645800,0.252500,0.217800,chr1,114084544,C/T,0.011695,2.803
None,None,None,None,None,None,None,None,None,0.004441,0,None,None,None,None,None,None,None,None,None,None,None,None,None,None,None,None,None,None,None,None,None,None,None,None,None,None,None,None,None,None,None,None,None,None,None,None,None,None,None,rs10807124,rs10807124,1,Important,1,chr6,33404064.0,rs10807124,G,A,A,0.012900,0.324200,0.250000,0.315100,0.322100,chr6,33404064,G/A,0.223385,6.18
None,None,None,None,None,None,None,None,None,0.004409000000000001,0,None,None,None,None,None,None,None,None,None,None,None,None,None,None,None,None,None,None,None,None,None,None,None,None,None,None,None,None,None,None,None,None,None,None,None,None,None,None,None,rs9746695,rs9746695,1,Important,1,chr16,11207894.0,rs9746695,T,C,C,0.332100,0.240600,0.246000,0.325000,0.398800,chr16,11207894,T/C,0.078442,3.906
None,None,None,None,None,None,None,None,None,0.004382,0,None,None,None,None,None,None,None,None,None,None,None,None,None,None,None,None,None,None,None,None,None,None,None,None,None,None,None,None,None,None,None,None,None,None,None,None,None,None,None,rs9379851,rs9379851,1,Important,None,chr6,26354780.0,rs9379851,A,C,C,0.028700,0.040300,0.100200,0.112300,0.132900,chr6,26354780,A/C,-0.22486399999999998,0.606
None,None,None,None,None,None,None,None,None,0.004346,0,None,None,None,None,None,None,None,None,None,None,None,None,None,None,None,None,None,None,None,None,None,None,None,None,None,None,None,None,None,None,None,None,None,None,None,None,None,None,None,rs1217227,rs1217227,1,Important,None,chr1,114139616.0,rs1217227,C,T,T,0.788200,0.580700,0.360100,0.749500,0.777100,chr1,114139616,C/T,0.615021,10.4
None,None,None,None,None,None,None,None,None,0.004345,0,None,None,None,None,None,None,None,None,None,None,None,None,None,None,None,None,None,None,None,None,None,None,None,None,None,None,None,None,None,None,None,None,None,None,None,None,None,None,None,rs17013326,rs17013326,1,Important,None,chr1,114089316.0,rs17013326,G,A,A,0.067300,0.410700,0.645800,0.251500,0.219800,chr1,114089316,G/A,-0.064323,1.768
None,None,None,None,None,None,None,None,None,0.005985,0,None,None,None,None,None,None,None,None,None,None,None,None,None,None,None,None,None,None,None,None,None,None,None,None,None,None,None,None,None,None,None,None,None,None,None,None,None,None,None,rs9315704,rs9315704,2,Presentation,1,chr13,40140215.0,rs9315704,A,G,G,0.879000,0.755000,0.916700,0.873800,0.938700,chr13,40140215,A/G,-0.205761,0.688
None,None,None,None,None,None,None,None,None,0.006029,0,None,None,None,None,None,None,None,None,None,None,None,None,None,None,None,None,None,None,None,None,None,None,None,None,None,None,None,None,None,None,None,None,None,None,None,None,None,None,None,rs2269239,rs2269239,1,Presentation,None,chr1,64109359.0,rs2269239,C,G,G,0.195900,0.399100,0.209300,0.235600,0.165600,chr1,64109359,C/G,0.21937399999999999,6.122999999999999
None,None,None,None,None,None,None,None,None,0.010006999999999999,0,None,None,None,None,None,None,None,None,None,None,None,None,None,None,None,None,None,None,None,None,None,None,None,None,None,None,None,None,None,None,None,None,None,None,None,None,None,None,None,rs2519200,rs2519200,1,Presentation,1,chr11,113684809.0,rs2519200,A,G,G,0.226200,0.283900,0.455400,0.221700,0.228000,chr11,113684809,A/G,0.157834,5.2
None,None,None,None,None,None,None,None,None,0.010565999999999999,0,None,None,None,None,None,None,None,None,None,None,None,None,None,None,None,None,None,None,None,None,None,None,None,None,None,None,None,None,None,None,None,None,None,None,None,None,None,None,None,rs17610557,rs17610557,1,Presentation,3,chr11,113513499.0,rs17610557,A,T,T,0.007600,0.093700,0.003000,0.100400,0.059300,chr11,113513499,A/T,2.157991,20.9
None,None,None,None,None,None,None,None,None,0.01083,0,None,None,None,None,None,None,None,None,None,None,None,None,None,None,None,None,None,None,None,None,None,None,None,None,None,None,None,None,None,None,None,None,None,None,None,None,None,None,None,rs17532157,rs17532157,1,Presentation,2,chr11,113516770.0,rs17532157,G,T,T,0.007600,0.093700,0.003000,0.100400,0.059300,chr11,113516770,G/T,0.050644,3.4389999999999996
None,None,None,None,None,None,None,None,None,0.011013,0,None,None,None,None,None,None,None,None,None,None,None,None,None,None,None,None,None,None,None,None,None,None,None,None,None,None,None,None,None,None,None,None,None,None,None,None,None,None,None,rs11606746,rs11606746,1,Presentation,3,chr11,113537310.0,rs11606746,A,C,G,None,None,None,None,None,chr11,113537310,A/C,0.335027,7.653
None,None,None,None,None,None,None,None,None,0.011013,0,None,None,None,None,None,None,None,None,None,None,None,None,None,None,None,None,None,None,None,None,None,None,None,None,None,None,None,None,None,None,None,None,None,None,None,None,None,None,None,rs11606746,rs11606746,1,Presentation,3,chr11,113537310.0,rs11606746,A,C,G,None,None,None,None,None,chr11,113537310,A/G,0.356931,7.91
None,None,None,None,None,None,None,None,None,0.011013,0,None,None,None,None,None,None,None,None,None,None,None,None,None,None,None,None,None,None,None,None,None,None,None,None,None,None,None,None,None,None,None,None,None,None,None,None,None,None,None,rs11606746,rs11606746,1,Presentation,3,chr11,113537310.0,rs11606746,A,G,G,0.008300,0.093700,0.003000,0.102400,0.058300,chr11,113537310,A/C,0.335027,7.653
None,None,None,None,None,None,None,None,None,0.011013,0,None,None,None,None,None,None,None,None,None,None,None,None,None,None,None,None,None,None,None,None,None,None,None,None,None,None,None,None,None,None,None,None,None,None,None,None,None,None,None,rs11606746,rs11606746,1,Presentation,3,chr11,113537310.0,rs11606746,A,G,G,0.008300,0.093700,0.003000,0.102400,0.058300,chr11,113537310,A/G,0.356931,7.91
None,None,None,None,None,None,None,None,None,0.011017,0,None,None,None,None,None,None,None,None,None,None,None,None,None,None,None,None,None,None,None,None,None,None,None,None,None,None,None,None,None,None,None,None,None,None,None,None,None,None,None,rs17611093,rs17611093,1,Presentation,2,chr11,113548309.0,rs17611093,T,C,C,0.007600,0.093700,0.001000,0.101400,0.058300,chr11,113548309,T/C,-0.003788,2.5660000000000003
None,None,None,None,None,None,None,None,None,0.011018,0,None,None,None,None,None,None,None,None,None,None,None,None,None,None,None,None,None,None,None,None,None,None,None,None,None,None,None,None,None,None,None,None,None,None,None,None,None,None,None,rs17532479,rs17532479,1,Presentation,3,chr11,113522981.0,rs17532479,T,C,C,0.007600,0.093700,0.003000,0.101400,0.058300,chr11,113522981,T/C,-0.008019,2.503
None,None,None,None,None,None,None,None,None,0.011736,0,None,None,None,None,None,None,None,None,None,None,None,None,None,None,None,None,None,None,None,None,None,None,None,None,None,None,None,None,None,None,None,None,None,None,None,None,None,None,None,rs11604887,rs11604887,1,Presentation,4,chr11,113602809.0,rs11604887,T,C,C,0.006100,0.076400,0.001000,0.088500,0.058300,chr11,113602809,T/C,-0.006595,2.524
None,None,None,None,None,None,None,None,None,0.011747,0,None,None,None,None,None,None,None,None,None,None,None,None,None,None,None,None,None,None,None,None,None,None,None,None,None,None,None,None,None,None,None,None,None,None,None,None,None,None,None,rs17541153,rs17541153,1,Presentation,4,chr11,113615622.0,rs17541153,G,C,C,0.008300,0.076400,0.001000,0.088500,0.058300,chr11,113615622,G/C,-0.116355,1.255
None,None,None,None,None,None,None,None,None,0.014038,0,None,None,None,None,None,None,None,None,None,None,None,None,None,None,None,None,None,None,None,None,None,None,None,None,None,None,None,None,None,None,None,None,None,None,None,None,None,None,None,rs1633550,rs1633550,1,Presentation,8,chr11,113669205.0,rs1633550,C,G,G,0.006100,0.074900,0.001000,0.092400,0.062400,chr11,113669205,C/G,0.073405,3.822
None,None,None,None,None,None,None,None,None,0.014582,0,None,None,None,None,None,None,None,None,None,None,None,None,None,None,None,None,None,None,None,None,None,None,None,None,None,None,None,None,None,None,None,None,None,None,None,None,None,None,None,rs1633548,rs1633548,1,Presentation,8,chr11,113671506.0,rs1633548,C,T,T,0.058200,0.076400,0.001000,0.092400,0.062400,chr11,113671506,C/T,0.548384,9.82
None,None,None,None,None,None,None,None,None,0.014618,0,None,None,None,None,None,None,None,None,None,None,None,None,None,None,None,None,None,None,None,None,None,None,None,None,None,None,None,None,None,None,None,None,None,None,None,None,None,None,None,rs2513574,rs2513574,1,Presentation,8,chr11,113681305.0,rs2513574,T,C,C,0.058200,0.076400,0.001000,0.091500,0.062400,chr11,113681305,T/C,-0.06126,1.8030000000000002
None,None,None,None,None,None,None,None,None,0.02035,0,None,None,None,None,None,None,None,None,None,None,None,None,None,None,None,None,None,None,None,None,None,None,None,None,None,None,None,None,None,None,None,None,None,None,None,None,None,None,None,rs1176739,rs1176739,2,Presentation,9,chr11,113807817.0,rs1176739,G,A,C,None,None,None,None,None,chr11,113807817,G/A,2.046009,19.68
None,None,None,None,None,None,None,None,None,0.02035,0,None,None,None,None,None,None,None,None,None,None,None,None,None,None,None,None,None,None,None,None,None,None,None,None,None,None,None,None,None,None,None,None,None,None,None,None,None,None,None,rs1176739,rs1176739,2,Presentation,9,chr11,113807817.0,rs1176739,G,A,C,None,None,None,None,None,chr11,113807817,G/C,1.989157,19.1
None,None,None,None,None,None,None,None,None,0.02035,0,None,None,None,None,None,None,None,None,None,None,None,None,None,None,None,None,None,None,None,None,None,None,None,None,None,None,None,None,None,None,None,None,None,None,None,None,None,None,None,rs1176739,rs1176739,2,Presentation,9,chr11,113807817.0,rs1176739,G,A,C,None,None,None,None,None,chr11,113807817,G/T,1.9980099999999998,19.19
None,None,None,None,None,None,None,None,None,0.02035,0,None,None,None,None,None,None,None,None,None,None,None,None,None,None,None,None,None,None,None,None,None,None,None,None,None,None,None,None,None,None,None,None,None,None,None,None,None,None,None,rs1176739,rs1176739,2,Presentation,9,chr11,113807817.0,rs1176739,G,C,C,0.184600,0.080700,None,0.041700,0.044000,chr11,113807817,G/A,2.046009,19.68
None,None,None,None,None,None,None,None,None,0.02035,0,None,None,None,None,None,None,None,None,None,None,None,None,None,None,None,None,None,None,None,None,None,None,None,None,None,None,None,None,None,None,None,None,None,None,None,None,None,None,None,rs1176739,rs1176739,2,Presentation,9,chr11,113807817.0,rs1176739,G,C,C,0.184600,0.080700,None,0.041700,0.044000,chr11,113807817,G/C,1.989157,19.1
None,None,None,None,None,None,None,None,None,0.02035,0,None,None,None,None,None,None,None,None,None,None,None,None,None,None,None,None,None,None,None,None,None,None,None,None,None,None,None,None,None,None,None,None,None,None,None,None,None,None,None,rs1176739,rs1176739,2,Presentation,9,chr11,113807817.0,rs1176739,G,C,C,0.184600,0.080700,None,0.041700,0.044000,chr11,113807817,G/T,1.9980099999999998,19.19
None,None,None,None,None,None,None,None,None,0.02035,0,None,None,None,None,None,None,None,None,None,None,None,None,None,None,None,None,None,None,None,None,None,None,None,None,None,None,None,None,None,None,None,None,None,None,None,None,None,None,None,rs1176739,rs1176739,2,Presentation,9,chr11,113807817.0,rs1176739,G,T,C,None,None,None,None,None,chr11,113807817,G/A,2.046009,19.68
None,None,None,None,None,None,None,None,None,0.02035,0,None,None,None,None,None,None,None,None,None,None,None,None,None,None,None,None,None,None,None,None,None,None,None,None,None,None,None,None,None,None,None,None,None,None,None,None,None,None,None,rs1176739,rs1176739,2,Presentation,9,chr11,113807817.0,rs1176739,G,T,C,None,None,None,None,None,chr11,113807817,G/C,1.989157,19.1
None,None,None,None,None,None,None,None,None,0.02035,0,None,None,None,None,None,None,None,None,None,None,None,None,None,None,None,None,None,None,None,None,None,None,None,None,None,None,None,None,None,None,None,None,None,None,None,None,None,None,None,rs1176739,rs1176739,2,Presentation,9,chr11,113807817.0,rs1176739,G,T,C,None,None,None,None,None,chr11,113807817,G/T,1.9980099999999998,19.19
None,None,None,None,None,None,None,None,None,0.020471,0,None,None,None,None,None,None,None,None,None,None,None,None,None,None,None,None,None,None,None,None,None,None,None,None,None,None,None,None,None,None,None,None,None,None,None,None,None,None,None,rs17116145,rs17116145,2,Presentation,9,chr11,113804326.0,rs17116145,C,T,T,0.072600,0.066300,None,0.040800,0.044000,chr11,113804326,C/T,0.5112369999999999,9.487
None,None,None,None,None,None,None,None,None,0.020489,0,None,None,None,None,None,None,None,None,None,None,None,None,None,None,None,None,None,None,None,None,None,None,None,None,None,None,None,None,None,None,None,None,None,None,None,None,None,None,None,rs1176740,rs1176740,2,Presentation,11,chr11,113807396.0,rs1176740,T,A,A,0.183800,0.080700,None,0.041700,0.044000,chr11,113807396,T/A,-0.158313,0.945
None,None,None,None,None,None,None,None,None,0.020513,0,None,None,None,None,None,None,None,None,None,None,None,None,None,None,None,None,None,None,None,None,None,None,None,None,None,None,None,None,None,None,None,None,None,None,None,None,None,None,None,rs1176738,rs1176738,2,Presentation,11,chr11,113808095.0,rs1176738,T,C,C,0.184600,0.080700,None,0.041700,0.044000,chr11,113808095,T/C,-0.007606999999999999,2.509
None,None,None,None,None,None,None,None,None,0.020571000000000002,0,None,None,None,None,None,None,None,None,None,None,None,None,None,None,None,None,None,None,None,None,None,None,None,None,None,None,None,None,None,None,None,None,None,None,None,None,None,None,None,rs1176741,rs1176741,2,Presentation,11,chr11,113807315.0,rs1176741,C,T,T,0.183800,0.080700,None,0.041700,0.044000,chr11,113807315,C/T,0.05631900000000001,3.534
None,None,None,None,None,None,None,None,None,0.011148,0,None,None,None,None,None,None,None,None,None,None,None,None,None,None,None,None,None,None,None,None,None,None,None,None,None,None,None,None,None,None,None,None,None,None,None,None,None,None,None,rs6592988,rs6592988,4,Presentation,1,chr7,52281433.0,rs6592988,T,A,A,None,None,None,None,None,chr7,52281433,T/A,-0.926617,0.004
None,None,None,None,None,None,None,None,None,0.011148,0,None,None,None,None,None,None,None,None,None,None,None,None,None,None,None,None,None,None,None,None,None,None,None,None,None,None,None,None,None,None,None,None,None,None,None,None,None,None,None,rs6592988,rs6592988,4,Presentation,1,chr7,52281433.0,rs6592988,T,A,A,None,None,None,None,None,chr7,52281433,T/C,-0.909708,0.004
None,None,None,None,None,None,None,None,None,0.011148,0,None,None,None,None,None,None,None,None,None,None,None,None,None,None,None,None,None,None,None,None,None,None,None,None,None,None,None,None,None,None,None,None,None,None,None,None,None,None,None,rs6592988,rs6592988,4,Presentation,1,chr7,52281433.0,rs6592988,T,C,C,0.813900,0.925100,0.872000,0.866800,0.847600,chr7,52281433,T/A,-0.926617,0.004
None,None,None,None,None,None,None,None,None,0.011148,0,None,None,None,None,None,None,None,None,None,None,None,None,None,None,None,None,None,None,None,None,None,None,None,None,None,None,None,None,None,None,None,None,None,None,None,None,None,None,None,rs6592988,rs6592988,4,Presentation,1,chr7,52281433.0,rs6592988,T,C,C,0.813900,0.925100,0.872000,0.866800,0.847600,chr7,52281433,T/C,-0.909708,0.004
None,None,None,None,None,None,None,None,None,0.011148,0,None,None,None,None,None,None,None,None,None,None,None,None,None,None,None,None,None,None,None,None,None,None,None,None,None,None,None,None,None,None,None,None,None,None,None,None,None,None,None,rs3734536,rs3734536,2,Presentation,1,chr6,26365346.0,rs3734536,G,C,C,0.428100,0.304000,0.220200,0.396600,0.333300,chr6,26365346,G/C,0.269756,6.816
None,None,None,None,None,None,None,None,None,0.011148,0,None,None,None,None,None,None,None,None,None,None,None,None,None,None,None,None,None,None,None,None,None,None,None,None,None,None,None,None,None,None,None,None,None,None,None,None,None,None,None,rs4361128,rs4361128,1,Presentation,1,chr2,215768445.0,rs4361128,G,A,A,0.385800,0.569200,0.688500,0.557700,0.576700,chr2,215768445,G/A,-0.013813999999999998,2.419
None,None,None,None,None,None,None,None,None,0.011167,0,None,None,None,None,None,None,None,None,None,None,None,None,None,None,None,None,None,None,None,None,None,None,None,None,None,None,None,None,None,None,None,None,None,None,None,None,None,None,None,rs1873914,rs1873914,4,Presentation,1,chr12,56379427.0,rs1873914,G,C,C,0.130100,0.265100,0.219200,0.390700,0.246400,chr12,56379427,G/C,0.253552,6.6
None,None,None,None,None,None,None,None,None,0.011167,0,None,None,None,None,None,None,None,None,None,None,None,None,None,None,None,None,None,None,None,None,None,None,None,None,None,None,None,None,None,None,None,None,None,None,None,None,None,None,None,rs10834986,rs10834986,3,Presentation,1,chr11,26521999.0,rs10834986,G,A,A,0.435700,0.678700,0.680600,0.636200,0.558300,chr11,26521999,G/A,0.10003200000000001,4.268
None,None,None,None,None,None,None,None,None,0.011167,0,None,None,None,None,None,None,None,None,None,None,None,None,None,None,None,None,None,None,None,None,None,None,None,None,None,None,None,None,None,None,None,None,None,None,None,None,None,None,None,rs10834986,rs10834986,3,Presentation,1,chr11,26521999.0,rs10834986,G,A,A,0.435700,0.678700,0.680600,0.636200,0.558300,chr11,26521999,G/C,0.04318,3.315
None,None,None,None,None,None,None,None,None,0.011167,0,None,None,None,None,None,None,None,None,None,None,None,None,None,None,None,None,None,None,None,None,None,None,None,None,None,None,None,None,None,None,None,None,None,None,None,None,None,None,None,rs10834986,rs10834986,3,Presentation,1,chr11,26521999.0,rs10834986,G,A,A,0.435700,0.678700,0.680600,0.636200,0.558300,chr11,26521999,G/T,0.052033,3.4619999999999997
None,None,None,None,None,None,None,None,None,0.011167,0,None,None,None,None,None,None,None,None,None,None,None,None,None,None,None,None,None,None,None,None,None,None,None,None,None,None,None,None,None,None,None,None,None,None,None,None,None,None,None,rs10834986,rs10834986,3,Presentation,1,chr11,26521999.0,rs10834986,G,C,C,None,None,None,None,None,chr11,26521999,G/A,0.10003200000000001,4.268
None,None,None,None,None,None,None,None,None,0.011167,0,None,None,None,None,None,None,None,None,None,None,None,None,None,None,None,None,None,None,None,None,None,None,None,None,None,None,None,None,None,None,None,None,None,None,None,None,None,None,None,rs10834986,rs10834986,3,Presentation,1,chr11,26521999.0,rs10834986,G,C,C,None,None,None,None,None,chr11,26521999,G/C,0.04318,3.315
None,None,None,None,None,None,None,None,None,0.011167,0,None,None,None,None,None,None,None,None,None,None,None,None,None,None,None,None,None,None,None,None,None,None,None,None,None,None,None,None,None,None,None,None,None,None,None,None,None,None,None,rs10834986,rs10834986,3,Presentation,1,chr11,26521999.0,rs10834986,G,C,C,None,None,None,None,None,chr11,26521999,G/T,0.052033,3.4619999999999997
None,None,None,None,None,None,None,None,None,0.011167,0,None,None,None,None,None,None,None,None,None,None,None,None,None,None,None,None,None,None,None,None,None,None,None,None,None,None,None,None,None,None,None,None,None,None,None,None,None,None,None,rs10834986,rs10834986,3,Presentation,1,chr11,26521999.0,rs10834986,G,T,T,None,None,None,None,None,chr11,26521999,G/A,0.10003200000000001,4.268
None,None,None,None,None,None,None,None,None,0.011167,0,None,None,None,None,None,None,None,None,None,None,None,None,None,None,None,None,None,None,None,None,None,None,None,None,None,None,None,None,None,None,None,None,None,None,None,None,None,None,None,rs10834986,rs10834986,3,Presentation,1,chr11,26521999.0,rs10834986,G,T,T,None,None,None,None,None,chr11,26521999,G/C,0.04318,3.315
None,None,None,None,None,None,None,None,None,0.011167,0,None,None,None,None,None,None,None,None,None,None,None,None,None,None,None,None,None,None,None,None,None,None,None,None,None,None,None,None,None,None,None,None,None,None,None,None,None,None,None,rs10834986,rs10834986,3,Presentation,1,chr11,26521999.0,rs10834986,G,T,T,None,None,None,None,None,chr11,26521999,G/T,0.052033,3.4619999999999997
None,None,None,None,None,None,None,None,None,0.011167,0,None,None,None,None,None,None,None,None,None,None,None,None,None,None,None,None,None,None,None,None,None,None,None,None,None,None,None,None,None,None,None,None,None,None,None,None,None,None,None,rs1430306,rs1430306,2,Presentation,1,chr2,109807885.0,rs1430306,G,A,A,0.386500,0.446700,0.397800,0.618300,0.624700,chr2,109807885,G/A,0.019724000000000002,2.931
None,None,None,None,None,None,None,None,None,0.011167,0,None,None,None,None,None,None,None,None,None,None,None,None,None,None,None,None,None,None,None,None,None,None,None,None,None,None,None,None,None,None,None,None,None,None,None,None,None,None,None,rs4643,rs4643,1,Presentation,1,chr1,64125439.0,rs4643,A,C,C,0.063500,0.332900,0.221200,0.233600,0.155400,chr1,64125439,A/C,0.192655,5.733
None,None,None,None,None,None,None,None,None,0.011705,0,None,None,None,None,None,None,None,None,None,None,None,None,None,None,None,None,None,None,None,None,None,None,None,None,None,None,None,None,None,None,None,None,None,None,None,None,None,None,None,rs1362323,rs1362323,3,Presentation,3,chr16,9781375.0,rs1362323,C,T,T,0.164100,0.556200,0.360100,0.508000,0.417200,chr16,9781375,C/T,-0.359244,0.242
None,None,None,None,None,None,None,None,None,0.011169,0,None,None,None,None,None,None,None,None,None,None,None,None,None,None,None,None,None,None,None,None,None,None,None,None,None,None,None,None,None,None,None,None,None,None,None,None,None,None,None,rs17681592,rs17681592,3,Presentation,1,chr16,9417495.0,rs17681592,T,C,C,0.070300,0.266600,0.233100,0.339000,0.244400,chr16,9417495,T/C,0.15851600000000002,5.21
None,None,None,None,None,None,None,None,None,0.012001000000000001,0,None,None,None,None,None,None,None,None,None,None,None,None,None,None,None,None,None,None,None,None,None,None,None,None,None,None,None,None,None,None,None,None,None,None,None,None,None,None,None,rs12924729,rs12924729,4,Presentation,2,chr16,11187783.0,rs12924729,G,A,A,0.403200,0.245000,0.224200,0.342900,0.400800,chr16,11187783,G/A,-0.077434,1.625
None,None,None,None,None,None,None,None,None,0.011177,0,None,None,None,None,None,None,None,None,None,None,None,None,None,None,None,None,None,None,None,None,None,None,None,None,None,None,None,None,None,None,None,None,None,None,None,None,None,None,None,rs17019726,rs17019726,2,Presentation,1,chr1,212969128.0,rs17019726,A,G,G,0.231500,0.092200,0.246000,0.145100,0.199400,chr1,212969128,A/G,-0.194742,0.74
None,None,None,None,None,None,None,None,None,0.011177,0,None,None,None,None,None,None,None,None,None,None,None,None,None,None,None,None,None,None,None,None,None,None,None,None,None,None,None,None,None,None,None,None,None,None,None,None,None,None,None,rs10776775,rs10776775,1,Presentation,1,chr1,114436482.0,rs10776775,G,A,A,0.077200,0.495700,0.777800,0.374800,0.243400,chr1,114436482,G/A,0.12113099999999999,4.615
None,None,None,None,None,None,None,None,None,0.01126,0,None,None,None,None,None,None,None,None,None,None,None,None,None,None,None,None,None,None,None,None,None,None,None,None,None,None,None,None,None,None,None,None,None,None,None,None,None,None,None,rs12548378,rs12548378,4,Presentation,1,chr8,77344816.0,rs12548378,C,G,G,0.448600,0.404900,0.226200,0.431400,0.394700,chr8,77344816,C/G,-0.292637,0.38299999999999995
None,None,None,None,None,None,None,None,None,0.01126,0,None,None,None,None,None,None,None,None,None,None,None,None,None,None,None,None,None,None,None,None,None,None,None,None,None,None,None,None,None,None,None,None,None,None,None,None,None,None,None,rs12548378,rs12548378,4,Presentation,1,chr8,77344816.0,rs12548378,C,G,G,0.448600,0.404900,0.226200,0.431400,0.394700,chr8,77344816,C/T,-0.23679499999999998,0.5589999999999999
None,None,None,None,None,None,None,None,None,0.01126,0,None,None,None,None,None,None,None,None,None,None,None,None,None,None,None,None,None,None,None,None,None,None,None,None,None,None,None,None,None,None,None,None,None,None,None,None,None,None,None,rs12548378,rs12548378,4,Presentation,1,chr8,77344816.0,rs12548378,C,T,G,None,None,None,None,None,chr8,77344816,C/G,-0.292637,0.38299999999999995
None,None,None,None,None,None,None,None,None,0.01126,0,None,None,None,None,None,None,None,None,None,None,None,None,None,None,None,None,None,None,None,None,None,None,None,None,None,None,None,None,None,None,None,None,None,None,None,None,None,None,None,rs12548378,rs12548378,4,Presentation,1,chr8,77344816.0,rs12548378,C,T,G,None,None,None,None,None,chr8,77344816,C/T,-0.23679499999999998,0.5589999999999999
None,None,None,None,None,None,None,None,None,0.01126,0,None,None,None,None,None,None,None,None,None,None,None,None,None,None,None,None,None,None,None,None,None,None,None,None,None,None,None,None,None,None,None,None,None,None,None,None,None,None,None,rs26949,rs26949,1,Presentation,1,chr5,59825300.0,rs26949,T,C,C,0.086200,0.497100,0.537700,0.417500,0.260700,chr5,59825300,T/C,-0.050205,1.9340000000000002
None,None,None,None,None,None,None,None,None,0.011275,0,None,None,None,None,None,None,None,None,None,None,None,None,None,None,None,None,None,None,None,None,None,None,None,None,None,None,None,None,None,None,None,None,None,None,None,None,None,None,None,rs2154420,rs2154420,4,Presentation,1,chr21,33854206.0,rs2154420,T,C,C,0.403900,0.518700,0.499000,0.352900,0.322100,chr21,33854206,T/C,-0.059057000000000005,1.829
None,None,None,None,None,None,None,None,None,0.011275,0,None,None,None,None,None,None,None,None,None,None,None,None,None,None,None,None,None,None,None,None,None,None,None,None,None,None,None,None,None,None,None,None,None,None,None,None,None,None,None,rs6477673,rs6477673,3,Presentation,1,chr9,111489039.0,rs6477673,A,G,G,0.595300,0.768000,0.946400,0.693800,0.583800,chr9,111489039,A/G,0.070947,3.78
None,None,None,None,None,None,None,None,None,0.011343,0,None,None,None,None,None,None,None,None,None,None,None,None,None,None,None,None,None,None,None,None,None,None,None,None,None,None,None,None,None,None,None,None,None,None,None,None,None,None,None,rs3803676,rs3803676,4,Presentation,2,chr16,89596106.0,rs3803676,C,T,T,0.304800,0.468300,0.690500,0.490100,0.583800,chr16,89596106,C/T,0.050539,3.437
None,None,None,None,None,None,None,None,None,0.011299,0,None,None,None,None,None,None,None,None,None,None,None,None,None,None,None,None,None,None,None,None,None,None,None,None,None,None,None,None,None,None,None,None,None,None,None,None,None,None,None,rs11052552,rs11052552,4,Presentation,1,chr12,9855958.0,rs11052552,T,G,G,0.161900,0.547600,0.628000,0.512900,0.503100,chr12,9855958,T/G,-0.233764,0.5710000000000001
None,None,None,None,None,None,None,None,None,0.011378000000000001,0,None,None,None,None,None,None,None,None,None,None,None,None,None,None,None,None,None,None,None,None,None,None,None,None,None,None,None,None,None,None,None,None,None,None,None,None,None,None,None,rs10848821,rs10848821,3,Presentation,3,chr12,3298031.0,rs10848821,G,A,A,0.287400,0.214700,0.167700,0.352900,0.243400,chr12,3298031,G/A,-0.105146,1.3530000000000002
None,None,None,None,None,None,None,None,None,0.011299,0,None,None,None,None,None,None,None,None,None,None,None,None,None,None,None,None,None,None,None,None,None,None,None,None,None,None,None,None,None,None,None,None,None,None,None,None,None,None,None,rs1908241,rs1908241,2,Presentation,1,chr11,97075075.0,rs1908241,C,T,T,0.122500,0.651300,0.379000,0.580500,0.536800,chr11,97075075,C/T,-0.094992,1.4480000000000002
None,None,None,None,None,None,None,None,None,0.011636,0,None,None,None,None,None,None,None,None,None,None,None,None,None,None,None,None,None,None,None,None,None,None,None,None,None,None,None,None,None,None,None,None,None,None,None,None,None,None,None,rs3013713,rs3013713,3,Presentation,2,chr6,120694559.0,rs3013713,G,A,A,0.747400,0.628200,0.541700,0.658100,0.611500,chr6,120694559,G/A,-0.10726,1.334
None,None,None,None,None,None,None,None,None,0.011315,0,None,None,None,None,None,None,None,None,None,None,None,None,None,None,None,None,None,None,None,None,None,None,None,None,None,None,None,None,None,None,None,None,None,None,None,None,None,None,None,rs2868853,rs2868853,4,Presentation,1,chr20,45742310.0,rs2868853,C,T,T,0.167900,0.373200,0.671600,0.519900,0.451900,chr20,45742310,C/T,-0.14260899999999999,1.051
None,None,None,None,None,None,None,None,None,0.011315,0,None,None,None,None,None,None,None,None,None,None,None,None,None,None,None,None,None,None,None,None,None,None,None,None,None,None,None,None,None,None,None,None,None,None,None,None,None,None,None,rs17005850,rs17005850,2,Presentation,1,chr4,123497833.0,rs17005850,A,C,G,None,None,None,None,None,chr4,123497833,A/C,0.267548,6.787000000000001
None,None,None,None,None,None,None,None,None,0.011315,0,None,None,None,None,None,None,None,None,None,None,None,None,None,None,None,None,None,None,None,None,None,None,None,None,None,None,None,None,None,None,None,None,None,None,None,None,None,None,None,rs17005850,rs17005850,2,Presentation,1,chr4,123497833.0,rs17005850,A,C,G,None,None,None,None,None,chr4,123497833,A/G,0.289452,7.075
None,None,None,None,None,None,None,None,None,0.011315,0,None,None,None,None,None,None,None,None,None,None,None,None,None,None,None,None,None,None,None,None,None,None,None,None,None,None,None,None,None,None,None,None,None,None,None,None,None,None,None,rs17005850,rs17005850,2,Presentation,1,chr4,123497833.0,rs17005850,A,G,G,0.031000,0.299700,0.329400,0.292200,0.498000,chr4,123497833,A/C,0.267548,6.787000000000001
None,None,None,None,None,None,None,None,None,0.011315,0,None,None,None,None,None,None,None,None,None,None,None,None,None,None,None,None,None,None,None,None,None,None,None,None,None,None,None,None,None,None,None,None,None,None,None,None,None,None,None,rs17005850,rs17005850,2,Presentation,1,chr4,123497833.0,rs17005850,A,G,G,0.031000,0.299700,0.329400,0.292200,0.498000,chr4,123497833,A/G,0.289452,7.075
None,None,None,None,None,None,None,None,None,0.011316,0,None,None,None,None,None,None,None,None,None,None,None,None,None,None,None,None,None,None,None,None,None,None,None,None,None,None,None,None,None,None,None,None,None,None,None,None,None,None,None,rs10741734,rs10741734,4,Presentation,1,chr11,18044648.0,rs10741734,A,G,G,0.167900,0.373200,0.480200,0.392600,0.269900,chr11,18044648,A/G,-0.090893,1.4880000000000002
None,None,None,None,None,None,None,None,None,0.011316,0,None,None,None,None,None,None,None,None,None,None,None,None,None,None,None,None,None,None,None,None,None,None,None,None,None,None,None,None,None,None,None,None,None,None,None,None,None,None,None,rs2112594,rs2112594,2,Presentation,1,chr5,179744009.0,rs2112594,T,A,G,None,None,None,None,None,chr5,179744009,T/A,-1.036151,0.002
None,None,None,None,None,None,None,None,None,0.011316,0,None,None,None,None,None,None,None,None,None,None,None,None,None,None,None,None,None,None,None,None,None,None,None,None,None,None,None,None,None,None,None,None,None,None,None,None,None,None,None,rs2112594,rs2112594,2,Presentation,1,chr5,179744009.0,rs2112594,T,A,G,None,None,None,None,None,chr5,179744009,T/C,-1.019242,0.002
None,None,None,None,None,None,None,None,None,0.011316,0,None,None,None,None,None,None,None,None,None,None,None,None,None,None,None,None,None,None,None,None,None,None,None,None,None,None,None,None,None,None,None,None,None,None,None,None,None,None,None,rs2112594,rs2112594,2,Presentation,1,chr5,179744009.0,rs2112594,T,A,G,None,None,None,None,None,chr5,179744009,T/G,-1.04302,0.002
None,None,None,None,None,None,None,None,None,0.011316,0,None,None,None,None,None,None,None,None,None,None,None,None,None,None,None,None,None,None,None,None,None,None,None,None,None,None,None,None,None,None,None,None,None,None,None,None,None,None,None,rs2112594,rs2112594,2,Presentation,1,chr5,179744009.0,rs2112594,T,C,G,None,None,None,None,None,chr5,179744009,T/A,-1.036151,0.002
None,None,None,None,None,None,None,None,None,0.011316,0,None,None,None,None,None,None,None,None,None,None,None,None,None,None,None,None,None,None,None,None,None,None,None,None,None,None,None,None,None,None,None,None,None,None,None,None,None,None,None,rs2112594,rs2112594,2,Presentation,1,chr5,179744009.0,rs2112594,T,C,G,None,None,None,None,None,chr5,179744009,T/C,-1.019242,0.002
None,None,None,None,None,None,None,None,None,0.011316,0,None,None,None,None,None,None,None,None,None,None,None,None,None,None,None,None,None,None,None,None,None,None,None,None,None,None,None,None,None,None,None,None,None,None,None,None,None,None,None,rs2112594,rs2112594,2,Presentation,1,chr5,179744009.0,rs2112594,T,C,G,None,None,None,None,None,chr5,179744009,T/G,-1.04302,0.002
None,None,None,None,None,None,None,None,None,0.011316,0,None,None,None,None,None,None,None,None,None,None,None,None,None,None,None,None,None,None,None,None,None,None,None,None,None,None,None,None,None,None,None,None,None,None,None,None,None,None,None,rs2112594,rs2112594,2,Presentation,1,chr5,179744009.0,rs2112594,T,G,G,0.071100,0.200300,0.191500,0.177900,0.110400,chr5,179744009,T/A,-1.036151,0.002
None,None,None,None,None,None,None,None,None,0.011316,0,None,None,None,None,None,None,None,None,None,None,None,None,None,None,None,None,None,None,None,None,None,None,None,None,None,None,None,None,None,None,None,None,None,None,None,None,None,None,None,rs2112594,rs2112594,2,Presentation,1,chr5,179744009.0,rs2112594,T,G,G,0.071100,0.200300,0.191500,0.177900,0.110400,chr5,179744009,T/C,-1.019242,0.002
None,None,None,None,None,None,None,None,None,0.011316,0,None,None,None,None,None,None,None,None,None,None,None,None,None,None,None,None,None,None,None,None,None,None,None,None,None,None,None,None,None,None,None,None,None,None,None,None,None,None,None,rs2112594,rs2112594,2,Presentation,1,chr5,179744009.0,rs2112594,T,G,G,0.071100,0.200300,0.191500,0.177900,0.110400,chr5,179744009,T/G,-1.04302,0.002
None,None,None,None,None,None,None,None,None,0.011316,0,None,None,None,None,None,None,None,None,None,None,None,None,None,None,None,None,None,None,None,None,None,None,None,None,None,None,None,None,None,None,None,None,None,None,None,None,None,None,None,rs1235005,rs1235005,1,Presentation,1,chr1,114417437.0,rs1235005,C,G,G,0.718600,0.423600,0.179600,0.567600,0.683000,chr1,114417437,C/G,0.014584999999999999,2.8489999999999998
None,None,None,None,None,None,None,None,None,0.011322,0,None,None,None,None,None,None,None,None,None,None,None,None,None,None,None,None,None,None,None,None,None,None,None,None,None,None,None,None,None,None,None,None,None,None,None,None,None,None,None,rs12444385,rs12444385,4,Presentation,1,chr16,86000463.0,rs12444385,G,A,A,0.518200,0.443800,0.264900,0.492000,0.434600,chr16,86000463,G/A,-0.22082600000000002,0.622
None,None,None,None,None,None,None,None,None,0.011322,0,None,None,None,None,None,None,None,None,None,None,None,None,None,None,None,None,None,None,None,None,None,None,None,None,None,None,None,None,None,None,None,None,None,None,None,None,None,None,None,rs12444385,rs12444385,4,Presentation,1,chr16,86000463.0,rs12444385,G,A,A,0.518200,0.443800,0.264900,0.492000,0.434600,chr16,86000463,G/C,-0.27767800000000004,0.424
None,None,None,None,None,None,None,None,None,0.011322,0,None,None,None,None,None,None,None,None,None,None,None,None,None,None,None,None,None,None,None,None,None,None,None,None,None,None,None,None,None,None,None,None,None,None,None,None,None,None,None,rs2415436,rs2415436,3,Presentation,1,chr14,38571182.0,rs2415436,G,A,A,0.313200,0.243500,0.218300,0.328000,0.291400,chr14,38571182,G/A,-0.005653,2.5380000000000003
None,None,None,None,None,None,None,None,None,0.011322,0,None,None,None,None,None,None,None,None,None,None,None,None,None,None,None,None,None,None,None,None,None,None,None,None,None,None,None,None,None,None,None,None,None,None,None,None,None,None,None,rs17025857,rs17025857,2,Presentation,1,chr3,30681095.0,rs17025857,A,G,G,0.396400,0.332900,0.027800,0.312100,0.259700,chr3,30681095,A/G,0.085752,4.029
None,None,None,None,None,None,None,None,None,0.011322,0,None,None,None,None,None,None,None,None,None,None,None,None,None,None,None,None,None,None,None,None,None,None,None,None,None,None,None,None,None,None,None,None,None,None,None,None,None,None,None,rs6798623,rs6798623,1,Presentation,1,chr3,8247957.0,rs6798623,G,C,C,0.624100,0.520200,0.736100,0.529800,0.646200,chr3,8247957,G/C,0.24678200000000003,6.507999999999999
None,None,None,None,None,None,None,None,None,0.011343,0,None,None,None,None,None,None,None,None,None,None,None,None,None,None,None,None,None,None,None,None,None,None,None,None,None,None,None,None,None,None,None,None,None,None,None,None,None,None,None,rs7945815,rs7945815,3,Presentation,1,chr11,26539736.0,rs7945815,T,A,A,None,None,None,None,None,chr11,26539736,T/A,0.6169399999999999,10.41
None,None,None,None,None,None,None,None,None,0.011343,0,None,None,None,None,None,None,None,None,None,None,None,None,None,None,None,None,None,None,None,None,None,None,None,None,None,None,None,None,None,None,None,None,None,None,None,None,None,None,None,rs7945815,rs7945815,3,Presentation,1,chr11,26539736.0,rs7945815,T,A,A,None,None,None,None,None,chr11,26539736,T/G,0.610071,10.36
None,None,None,None,None,None,None,None,None,0.011343,0,None,None,None,None,None,None,None,None,None,None,None,None,None,None,None,None,None,None,None,None,None,None,None,None,None,None,None,None,None,None,None,None,None,None,None,None,None,None,None,rs7945815,rs7945815,3,Presentation,1,chr11,26539736.0,rs7945815,T,G,G,0.382800,0.674400,0.789700,0.628200,0.606300,chr11,26539736,T/A,0.6169399999999999,10.41
None,None,None,None,None,None,None,None,None,0.011343,0,None,None,None,None,None,None,None,None,None,None,None,None,None,None,None,None,None,None,None,None,None,None,None,None,None,None,None,None,None,None,None,None,None,None,None,None,None,None,None,rs7945815,rs7945815,3,Presentation,1,chr11,26539736.0,rs7945815,T,G,G,0.382800,0.674400,0.789700,0.628200,0.606300,chr11,26539736,T/G,0.610071,10.36
None,None,None,None,None,None,None,None,None,0.011343,0,None,None,None,None,None,None,None,None,None,None,None,None,None,None,None,None,None,None,None,None,None,None,None,None,None,None,None,None,None,None,None,None,None,None,None,None,None,None,None,rs2237236,rs2237236,1,Presentation,1,chr6,26451553.0,rs2237236,A,G,G,0.844200,0.416400,0.294600,0.449300,0.381400,chr6,26451553,A/C,0.153392,5.131
None,None,None,None,None,None,None,None,None,0.011343,0,None,None,None,None,None,None,None,None,None,None,None,None,None,None,None,None,None,None,None,None,None,None,None,None,None,None,None,None,None,None,None,None,None,None,None,None,None,None,None,rs2237236,rs2237236,1,Presentation,1,chr6,26451553.0,rs2237236,A,G,G,0.844200,0.416400,0.294600,0.449300,0.381400,chr6,26451553,A/G,0.175297,5.468999999999999
None,None,None,None,None,None,None,None,None,0.011378000000000001,0,None,None,None,None,None,None,None,None,None,None,None,None,None,None,None,None,None,None,None,None,None,None,None,None,None,None,None,None,None,None,None,None,None,None,None,None,None,None,None,rs11052372,rs11052372,4,Presentation,2,chr12,9831959.0,rs11052372,C,G,G,0.104400,0.276700,0.366100,0.336000,0.379300,chr12,9831959,C/G,0.260201,6.689
None,None,None,None,None,None,None,None,None,0.011604999999999999,0,None,None,None,None,None,None,None,None,None,None,None,None,None,None,None,None,None,None,None,None,None,None,None,None,None,None,None,None,None,None,None,None,None,None,None,None,None,None,None,rs12708716,rs12708716,4,Presentation,1,chr16,11179873.0,rs12708716,A,G,G,0.435700,0.288200,0.225200,0.358800,0.401800,chr16,11179873,A/G,0.132597,4.801
None,None,None,None,None,None,None,None,None,0.012327,0,None,None,None,None,None,None,None,None,None,None,None,None,None,None,None,None,None,None,None,None,None,None,None,None,None,None,None,None,None,None,None,None,None,None,None,None,None,None,None,rs4763879,rs4763879,3,Presentation,3,chr12,9910164.0,rs4763879,G,A,A,0.056700,0.413500,0.459300,0.357900,0.390600,chr12,9910164,G/A,-0.171225,0.866
None,None,None,None,None,None,None,None,None,0.012327,0,None,None,None,None,None,None,None,None,None,None,None,None,None,None,None,None,None,None,None,None,None,None,None,None,None,None,None,None,None,None,None,None,None,None,None,None,None,None,None,rs6441961,rs6441961,1,Presentation,3,chr3,46352384.0,rs6441961,T,C,C,0.885800,0.681600,0.688500,0.697800,0.646200,chr3,46352384,T/C,0.9186639999999999,12.73
None,None,None,None,None,None,None,None,None,0.011636,0,None,None,None,None,None,None,None,None,None,None,None,None,None,None,None,None,None,None,None,None,None,None,None,None,None,None,None,None,None,None,None,None,None,None,None,None,None,None,None,rs641696,rs641696,4,Presentation,1,chr13,32478444.0,rs641696,A,G,G,0.385000,0.249300,0.403800,0.425400,0.552100,chr13,32478444,A/G,0.688353,11.0
None,None,None,None,None,None,None,None,None,0.011636,0,None,None,None,None,None,None,None,None,None,None,None,None,None,None,None,None,None,None,None,None,None,None,None,None,None,None,None,None,None,None,None,None,None,None,None,None,None,None,None,rs17226595,rs17226595,1,Presentation,1,chr2,156524806.0,rs17226595,C,T,T,0.021900,0.416400,0.197400,0.301200,0.316000,chr2,156524806,C/T,0.209936,5.987
None,None,None,None,None,None,None,None,None,0.011705,0,None,None,None,None,None,None,None,None,None,None,None,None,None,None,None,None,None,None,None,None,None,None,None,None,None,None,None,None,None,None,None,None,None,None,None,None,None,None,None,rs382745,rs382745,4,Presentation,1,chr16,89603586.0,rs382745,A,G,G,0.462200,0.476900,0.689500,0.486100,0.584900,chr16,89603586,A/G,0.261278,6.704
None,None,None,None,None,None,None,None,None,0.012894,0,None,None,None,None,None,None,None,None,None,None,None,None,None,None,None,None,None,None,None,None,None,None,None,None,None,None,None,None,None,None,None,None,None,None,None,None,None,None,None,rs6019687,rs6019687,4,Presentation,1,chr20,47831904.0,rs6019687,T,G,G,0.478800,0.353000,0.473200,0.236600,0.394700,chr20,47831904,T/C,-0.23578000000000002,0.563
None,None,None,None,None,None,None,None,None,0.012894,0,None,None,None,None,None,None,None,None,None,None,None,None,None,None,None,None,None,None,None,None,None,None,None,None,None,None,None,None,None,None,None,None,None,None,None,None,None,None,None,rs6019687,rs6019687,4,Presentation,1,chr20,47831904.0,rs6019687,T,G,G,0.478800,0.353000,0.473200,0.236600,0.394700,chr20,47831904,T/G,-0.25955900000000004,0.48
None,None,None,None,None,None,None,None,None,0.012894,0,None,None,None,None,None,None,None,None,None,None,None,None,None,None,None,None,None,None,None,None,None,None,None,None,None,None,None,None,None,None,None,None,None,None,None,None,None,None,None,rs4129934,rs4129934,3,Presentation,1,chr16,11528773.0,rs4129934,C,T,T,0.502300,0.358800,0.397800,0.493000,0.593000,chr16,11528773,C/T,-1.017415,0.002
None,None,None,None,None,None,None,None,None,0.012894,0,None,None,None,None,None,None,None,None,None,None,None,None,None,None,None,None,None,None,None,None,None,None,None,None,None,None,None,None,None,None,None,None,None,None,None,None,None,None,None,rs17388568,rs17388568,1,Presentation,1,chr4,123329362.0,rs17388568,G,A,A,0.024200,0.158500,0.121000,0.292200,0.149300,chr4,123329362,G/A,0.833102,12.11
